messages	label	predictions
[{'role': 'user', 'content': 'Please provide the Amharic translation for this sentence. Do not provide any explanations or text apart from the translation.\nEnglish: He joined them in 1945 and stayed until 1958.\nAmharic:'}]	እሱ በ 1945 ከእነርሱ ጋር ተቀላቅሎ እስከ 1958 ቆየ።	በዓመት 1945 በምትክ ቤት የተቀመጠውን በግልጽ በሚያደርጉት ጊዜ የተሻለ እና በዓመት 1958 ድረስ ተሻለ።
[{'role': 'user', 'content': 'Please provide the Amharic translation for this sentence. Do not provide any explanations or text apart from the translation.\nEnglish: The very long days in the summer can lead to problems getting sufficient sleep and associated health issues.\nAmharic:'}]	በበጋ ወቅት በጣም ረጅም ቀናት በቂ እንቅልፍ ማግኘት እና ተጓዳኝ የጤና ችግሮች ሊመሩ ይችላሉ።	በሳምንቱ የተዘጋጀ ቀንድን በሚያስቀመጥ የምትወደድ አደጋ እና የተጠናቀቀ ጤና የሚያስደንቅ የማዕከላዊ ድርጅቶች ይሆናል።
[{'role': 'user', 'content': 'Please provide the Amharic translation for this sentence. Do not provide any explanations or text apart from the translation.\nEnglish: Typical for Norway are steep fjords and valleys that suddenly give way to a high, more or less even plateau.\nAmharic:'}]	በኖርዌይ የተለመደው መልክዓምድር፣ ቁልቁል ገደላማ እና ሸለቆዎች የበዙባቸው ሲሆኑ፣ እነዚህም በድንገት ከፍ ያሉ እኛ በመጠኑም ቢሆን የተስተካከሉ አምባን ይሰጣሉ።	ኖርዌይ የተሻለ ነው በስልክ ፊንጣቢ እና ደሴቶች አውራጃ እና የተሰማው አይነት ገበያ የሚገኙት።
[{'role': 'user', 'content': 'Please provide the Amharic translation for this sentence. Do not provide any explanations or text apart from the translation.\nEnglish: Local media reports an airport fire vehicle rolled over while responding.\nAmharic:'}]	የአካባቢው መገናኛ ብዙሐን እንደዘገበው አንድ የአየር ማረፊያ የእሳት አደጋ ተሽከርካሪ በስራ ላይ እንዳለ ተገልብጧል።	የአክሲዮን ማስተላለፊያ አይነት በመጠባበቅ የተሰማበት የእስር ምስል መቆጣጠር አልተቻለም።
[{'role': 'user', 'content': 'Please provide the Amharic translation for this sentence. Do not provide any explanations or text apart from the translation.\nEnglish: 28-year-old Vidal had joined Barça three seasons ago, from Sevilla.\nAmharic:'}]	የ28 አመቱ ቪዳል ከሲልቪያ ባርሳን ከሶስት አመት በፊት ተቀላቅሏል።	የ28 አመት ቪዳል ባርማና ተዛውሞ በሰባት የዕለት ዓመት በሰብስክራይብ ከሰባት ዓመታት በፊት ተመልክቶ፣ ሴቫውሉን በሰብስክራይብ አስገቡ።
[{'role': 'user', 'content': 'Please provide the Amharic translation for this sentence. Do not provide any explanations or text apart from the translation.\nEnglish: Since moving to the Catalan-capital, Vidal had played 49 games for the club.\nAmharic:'}]	ወደ ካታላን ዋና ከተዘዋወረ ጀምሮ፣ ቪዳል ለክለቡ 49 ጨዋታዎችን ተጫውቷል።	በካታላንድ ከተማ ውስጥ የተገኘች ቪድል በቤት ውስጥ 49 መስረቶች አገኘት።
"[{'role': 'user', 'content': ""Please provide the Amharic translation for this sentence. Do not provide any explanations or text apart from the translation.\nEnglish: The protest started around 11:00 local time (UTC+1) on Whitehall opposite the police-guarded entrance to Downing Street, the Prime Minister's official residence.\nAmharic:""}]"	ተቃውሞው ወደ 11፡00 አካባቢያዊ ሰዕት (UTC+1) በዋይትሆል ወደ ዳውኒንግ መንገድ፣ የጠቅላይ ሚኒስተሩ ይፋ መኖሪያ በፖሊስ ከተጠበቀው መግቢያ በተቃራኒ ጀምሯል።	የግብር ተከላ በዓለም ምንጭ የተሰማሩ ሰዎች በየቀኑ 11:00 ሰዓት በUTC+1 የቀን በውይይት የፖሊስ የሰላም ወይም የቀረው የውጭ ስርጭት በድንጋይ የሚገኘው የዶውንግ ስብሰባ መሆኑን ለመቀላቀል ተከታተልን።
[{'role': 'user', 'content': 'Please provide the Amharic translation for this sentence. Do not provide any explanations or text apart from the translation.\nEnglish: Just after 11:00, protesters blocked traffic on the northbound carriage in Whitehall.\nAmharic:'}]	ከ11፡00 በኋላ፣ ተቃዋሚዎች በዋይትሆል ውስጥ ወደ ሰሜን በሚሄደው ጋሪ ላይ መንገድ ዘጉ።	በ 11:00 በተጨማሪም በውይይት ላይ የተደረገ የግብር ማረፊያ ተከታተሉ።
[{'role': 'user', 'content': 'Please provide the Amharic translation for this sentence. Do not provide any explanations or text apart from the translation.\nEnglish: At 11:20, the police asked the protesters to move back on to the pavement, stating that they needed to balance the right to protest with the traffic building up.\nAmharic:'}]	የመቃወም መብትን ከመኪና መንገድ መጨናነቅ ጋር መመጣጠን አለበት በማለት 11፡20 ላይ ፖሊሶች ተቋሚዎቹን ወደ እግረኛ መንገድ እንዲመለሱ ጠየቁ።	በ11:20 ሰዓት ፖሊስ የተደረገ በሚያስቀምጥበት የማይታወቅ የማይገባ ሰዎችን የሚያደርጉትን የማይታወቅ የማይገባ መንገድ ለማድረግ በዚህ ጊዜ በየትኛውም ምዝገባ ወደ የምትገባ መንገድ ይዘው እየተደረጉ ነው።
[{'role': 'user', 'content': 'Please provide the Amharic translation for this sentence. Do not provide any explanations or text apart from the translation.\nEnglish: Around 11:29, the protest moved up Whitehall, past Trafalgar Square, along the Strand, passing by Aldwych and up Kingsway towards Holborn where the Conservative Party were holding their Spring Forum in the Grand Connaught Rooms hotel.\nAmharic:'}]	ወደ 11፡29 አካባቢ፣ አጥባቂው ፓርቲ የጸደይ መድረካቸውን ወደሚያደርጉበት በግራንድ ኮኖት የሆቴል ክፍላቸው ውስጥ ተቃውሞው ወደ ዋይትሆል፣ ትራፋልጋር አደባባይን አልፎ፣ በባህድ ዳሩ አጠገብ፣ በአልድዊክ አልፎ በኪንግስዌይ ወደ ሆልቦርን አመራ።	በየቀኑ 11:29 ሰዓት በደቡብ ላይ የተደረገ የግብጽ ስርዓት በአልድዊች ጉዞ ወደ ስኳር ተራራ ውስጥ መጥተው ከትራፊክ ስፍራ ይዘቱን በማብራሪያና በሆልበርን የተደረገ የኮንሰርቪት ፓርቲ በግራኝት አቀፍ ሥራ አስመልክቶታል።
"[{'role': 'user', 'content': ""Please provide the Amharic translation for this sentence. Do not provide any explanations or text apart from the translation.\nEnglish: Nadal's head to head record against the Canadian is 7–2.\nAmharic:""}]"	ናዳል ከካናዳዊው ጋር ያለው የፍጥጫ ክብረ ወሰን 7-2 ነው።	ናዳልን የካናዳው ግንባታ በምርጥ 7-2 የሚያስተላልፉ የሆነ ነው።
[{'role': 'user', 'content': 'Please provide the Amharic translation for this sentence. Do not provide any explanations or text apart from the translation.\nEnglish: He recently lost against Raonic in the Brisbane Open.\nAmharic:'}]	በብሪስቤን ኦፕን ውስጥ በሮአኒክ በቅርቡ ተሽንፏል።	በብሪዝበክ የተከፈለው የራዮኒክ ተዛማጅ በብሪዝበክ የተገኘውን ለመስጠት የተዘጋጀው ነገር ነው።
[{'role': 'user', 'content': 'Please provide the Amharic translation for this sentence. Do not provide any explanations or text apart from the translation.\nEnglish: Nadal bagged 88% net points in the match winning 76 points in the first serve.\nAmharic:'}]	በመጀመሪያው ሰርብ 76 ነጥቦችን በማሸነፍ ናዳል በጨዋታ ውስጥ 88% የተጣሩ ነጥቦች አግኝቷል።	ናዳል በየቀኑ 76 ተደርጎት የሚሰራ 88% ነጥብ አሰራርቶ ነበር።
"[{'role': 'user', 'content': 'Please provide the Amharic translation for this sentence. Do not provide any explanations or text apart from the translation.\nEnglish: After the match, King of Clay said, ""I am just excited about being back in the final rounds of the most important events. I am here to try to win this.""\nAmharic:'}]"	ከጨዋታው በኋላ፣ የሸክላው ንጉስ፣ “በጣም አስፈላጊ ለሆኑት ኩነቶች ወደ መጨረሻዎቹ ዙሮች ስለተመለስኩ በጣም ደስ ብሎኛል። እዚህ ያለሁት ይህንን ለማሸነፍ ነው።” ሲል ተናግሯል።	"የማታ ዝግጅት በፊት የሚገኘው ክለፕ በተጨማሪ ዙር በድምጽ ""እኔ በተጨማሪ የተመደበው የትንሹ የሆነ ስድስት ቀንድ መድረክ እንደሆነ የተሰማራችሁ ነኝ። እኔ ይህን ሁሉ በምንም ምክንያት የምሰማበት ነኝ።"""
"[{'role': 'user', 'content': 'Please provide the Amharic translation for this sentence. Do not provide any explanations or text apart from the translation.\nEnglish: ""Panama Papers"" is an umbrella term for roughly ten million documents from Panamanian law firm Mossack Fonseca, leaked to the press in spring 2016.\nAmharic:'}]"	"""የፓናማ ወረቀቶች ከፓናማዊ የህግ ተቋም ወደ ጋዜጠኞች በጸደይ 2016 የተለቀቁትን ወደ አስር ሚሊዮን የሚደርሱ ሰነዶችን የሚወክል ሀረግ ነው። """	"""ፓናማ ፓፓርስ"" በ2016 የምትሰራው እስከ ክፍል አንድ ሜትር ዶክሰመንት ፍንስከ ፎንሳ ስም ላይ የተሰራው ጥቅም ታሪክ ነው።"
[{'role': 'user', 'content': 'Please provide the Amharic translation for this sentence. Do not provide any explanations or text apart from the translation.\nEnglish: The documents showed fourteen banks helped wealthy clients hide billions of US dollars of wealth to avoid taxes and other regulations.\nAmharic:'}]	ግብር እና ሌሎች ግዴታዎችን ለማምለጥ ሀብታም ደንበኞች በቢሊየን የሚቆጠሩ የአሜሪካ ዶላሮችን እንዲደብቁ አስራ አራት ባንኮች እንደረዱ ሰነዶቹ ያሳያሉ።	የሰዎች የሚያስፈልጋቸው መረጃዎች የሚገኙ አስተዳደር ባንክ ከተማ አባላት ከሙሉ በላይ በሚያስገኘው የድርጅት የወጣቶችን ባለቤት በማግኘት በሰዎች የሚኖሩ ትኩረት የሚገኙ የአሜሪካ ዶላር ብር የሚገኘውን የወጣ ስራዎች እንዲሁም ሌሎች ግንኙነቶች የሚያስፈልጉትን ለማድረግ የሚገኘው መረጃ ተሰርዟል።
[{'role': 'user', 'content': 'Please provide the Amharic translation for this sentence. Do not provide any explanations or text apart from the translation.\nEnglish: British newspaper The Guardian suggested Deutsche Bank controlled roughly a third of the 1200 shell companies used to accomplish this.\nAmharic:'}]	ይህንን ለማሳካት አገልግሎት ላይ ከዋሉት 1200 የሼል ካምፓኒዎች ውስጥ አንድ ሶስተኛ የሚጠጉት በDeutsche Bank ቁጥጥር ስር እንደሆኑ የእንግሊዝ ሀገር ጋዜጣ የሆነው The Guardian ጠቁሟል።	ብሪትሽ የንግድ ገደብ ገቢ የደበቀ ባንክ ከተማ 1200 አስተያየቶችን በመተላለፍ የተሳተፈው ውሎ ግንኙነት ነው።
[{'role': 'user', 'content': 'Please provide the Amharic translation for this sentence. Do not provide any explanations or text apart from the translation.\nEnglish: There were protests worldwide, several criminal prosecutions, and the leaders of the governments of Iceland and Pakistan both resigned.\nAmharic:'}]	አልም አቀፍ ተቃውሞዎቹ ነበሩ፣ ብዙ የወንጀል ክሶች፣ እና የአይስላንድ እና የፓኪስታን መንግስት መሪዎች ሁለቱም ከስልጣን ወረዱ።	በዓለም ላይ የተገኘባቸው ስርዓትና አስተያየቶች የተሰማቸው እና አዲስ አበባ እና ፓኪስታን መንግሥታት የሚያደርጉ አለመኖርያዎች ከአሜሪካ ወደ ኢዜላንድ እንደሚያደርጉ ተገኝተዋል።
"[{'role': 'user', 'content': 'Please provide the Amharic translation for this sentence. Do not provide any explanations or text apart from the translation.\nEnglish: Born in Hong Kong, Ma studied at New York University and Harvard Law School and once held an American permanent resident ""green card"".\nAmharic:'}]"	በሆንግ ኮንግ ውስጥ ተወልዶ፣ ማ በኒውዮርክ ዩኒቨርሲቲ እና በሀርቫርድ የህግ ትምህርት ቤት ውስጥ አጥንቷል እና በአንድ ውቅት የአሜሪካ ቋሚ ኗሪ “ግሪን ካርድ” ነበረው።	"በሆንግ ኮንግ ውስጥ የተወሰደ ማህደር በኒው ዩኒቨርሲቲ እና በሃርቫርድ ልዩነት ቤት ተማሪ ነበር፣ እና አሜሪካ የድርጅቱ የተሻለ የውጭ የተቀደሰ ""ግሪን ካርድ"" ይሁኑ።"
[{'role': 'user', 'content': 'Please provide the Amharic translation for this sentence. Do not provide any explanations or text apart from the translation.\nEnglish: Hsieh implied during the election that Ma might flee the country during a time of crisis.\nAmharic:'}]	ሺህ በምርጫ ጊዜ በአስቸጋሪ ሁኔታ ውስጥ ማ ሀገሩን ጥሎ ሊጠፋ እንደሚችል ተናገረ።	ህሴን በምርትድ የሚታወቀውን ማንነት በየትኛውም ሰዓት ማንነት ላይ ማንነት የሚያደርገውን መልክ በመጠቀም ማንነት የሚያደርገውን ማንነት አስተያየት አለው።
[{'role': 'user', 'content': 'Please provide the Amharic translation for this sentence. Do not provide any explanations or text apart from the translation.\nEnglish: Hsieh also argued that the photogenic Ma was more style than substance.\nAmharic:'}]	ሺዬ ለፎቶ አመቺው ማ ከፍሬ ነገር ይልቅ ዘይቤ እንደነበር ገልጸዋል።	ሂሰህ የፎቶጂን ማስታወቂያ የሚገኝ ማንነት የሚያስፈልገው ማንኛውም አይነት የለም።
[{'role': 'user', 'content': 'Please provide the Amharic translation for this sentence. Do not provide any explanations or text apart from the translation.\nEnglish: Despite these accusations, Ma won handily on a platform advocating closer ties with the Chinese mainland.\nAmharic:'}]	እነዚህ ክሶች ቢኖሩም፣ ማ ከቻይና ዋና መሬት ጋር የቅርብ ትስስር በሚያበረታታ መድረክ ላይ አሸንፈዋል።	በዚህ ምርጥ የሚጠየቁ ሰዎች መሆኑን በማድረግ ማንኛውንም ቦታ ማድረግ አልቻልንም፣ ከባህር ዳር በተመሳሳይ ግንኙነት የሚያገኙ አስተዳደር የሆነ ማንኛውንም የቻይና መሪ ተደርጎ ይገኛል።
"[{'role': 'user', 'content': ""Please provide the Amharic translation for this sentence. Do not provide any explanations or text apart from the translation.\nEnglish: Today's Player of the Day is Alex Ovechkin of the Washington Capitals.\nAmharic:""}]"	የዛሬው ቀን ተጫዋች የዋሺንግተን ካፒታልስ አሌክስ ኦቬችኪን ነው።	የዛላም ካፓትሊስ የዕድሜው ሰዓት የተከበረው የእስራኤል ኦቪችኪን ነው።
"[{'role': 'user', 'content': ""Please provide the Amharic translation for this sentence. Do not provide any explanations or text apart from the translation.\nEnglish: He had 2 goals and 2 assists in Washington's 5-3 win over the Atlanta Thrashers.\nAmharic:""}]"	ዋሺንግተን በአትላንታ ትራሸርስ በነበረው 5-3 ድል 2 ግቦች እና 2 የግብ ማቀበሎች ነበሩት።	በዋሽንግተን የአትላንትሪ ትልቅ የተሰደደ የስልኮች መስመር እና ሁለት ግንብ በአትላንትሪ ተራዘመ።
"[{'role': 'user', 'content': ""Please provide the Amharic translation for this sentence. Do not provide any explanations or text apart from the translation.\nEnglish: Ovechkin's first assist of the night was on the game-winning goal by rookie Nicklas Backstrom;\nAmharic:""}]"	የኦቨቺኪን የምሽቱን የመጀመሪያ ማቀበል በሮኪ ኒከላስ ባክስትሮም የጨዋታ አሸናፊ ግብ ላይ ነበር።	ኦቪችኪን የሚያስቀምጥ መስመር በምስል የሚከተሉ አድዋ ነው። የራስ ኒክላስ ባክስትሮም የጨዋታ ግዛት ነው።
[{'role': 'user', 'content': 'Please provide the Amharic translation for this sentence. Do not provide any explanations or text apart from the translation.\nEnglish: his second goal of the night was his 60th of the season, becoming the first player to score 60 or more goals in a season since 1995-96, when Jaromir Jagr and Mario Lemieux each reached that milestone.\nAmharic:'}]	ጃሮሚር ጃግር እና ማሪዮ ሌምዋ ያንን ታሪካዊ ድርጊት ከፈጸሙ በኋላ፣ ከ1995-96 ጀምሮ 60 ወይም ከዚያ በላይ ግቦችን ለማስቆጠር የመጀመሪያው ተጫዋች መሆን፣ የምሽቱ ሁለተኛ ግቡ የወቅቱ 60ኛው ነበር።	የሌላ ምላሽ የሰማይ ግንድ በሃገር የተሰጠ እና የዘጠኝ ግንድ ከዚህ በፊት የሚከፈለው የሰው አካል ከ1995-96 ዓ.ም. በላይ 60 የሚገኘው ግንድ ሁሉንም በመሆን የአዲስ ዓመት የአዲስ ዘመን የሚያስተምረው አስተዋይ ሰው ነው።
[{'role': 'user', 'content': 'Please provide the Amharic translation for this sentence. Do not provide any explanations or text apart from the translation.\nEnglish: Batten was ranked 190th on the 2008 400 Richest Americans list with an estimated fortune of $2.3 billion.\nAmharic:'}]	ባትን በ2008ቱ 400 ሀብታም አሜሪካኖች ዝርዝር ላይ $2.3 ቢልየን የተገመተ ሀብት ኖሮት 190ኛ ሆኖ ቀርቧል።	ባቴን በዓል 2008 አሜሪካውያን ምንጭ ላይ 190ኛ የሚያስቀመጥ ከባድ የተሰደደ የሚገባ የ$2.3 ቢሊዮን የተሰጠ ነው።
[{'role': 'user', 'content': 'Please provide the Amharic translation for this sentence. Do not provide any explanations or text apart from the translation.\nEnglish: He graduated from the College of Arts & Sciences of the University of Virginia in 1950 and was a significant donor to that institution.\nAmharic:'}]	ከቨርጂኒያ ዩኒቨርሲቲ ከሥነ ጥበብ እና ሳይንስ ኮሌጅ በ1950 ከተመረቀ እና ለዚያ ተቋም ታላቅ ለጋሽ ነበር።	የተማሪ ዲግሪ በተማሪ የትምህርት እና ስልጠና ዲግሪ በቫርጅና የ1950 ዓ.ም. የሚታወቀው ከተማ ነው። በዚህ ቦታ የሚገኘው የተማ አባላት ነው።
"[{'role': 'user', 'content': ""Please provide the Amharic translation for this sentence. Do not provide any explanations or text apart from the translation.\nEnglish: Iraq's Abu Ghraib prison has been set alight during a riot.\nAmharic:""}]"	የኢራቅ አቡ ግህራኢብ እስር ቤት በአመጹ ወቅት እሳት ተቃጥሏል።	የኢራቅ አቡ ግራኢብ ቤት በሩቅ በሰማይ ውስጥ የተዘጋጀ በረከት አስተላልፈው ነው።
[{'role': 'user', 'content': 'Please provide the Amharic translation for this sentence. Do not provide any explanations or text apart from the translation.\nEnglish: The jail became notorious after prisoner abuse was discovered there after US forces took over.\nAmharic:'}]	የዩናይትድ ስቴትስ ወታደሮች ከተቆጣጠሩት በኋላ በUS እስረኞች ላይ የሚደርሰው በደል ከታወቀ በኋላ እስር ቤቱ በመጥፎነቱ ገነነ።	ባሕር ዳር በሕግ አስተዳደር ሳይንስና የአሜሪካ ህዝብ በሚገኙ የተሰናዳቸው ነገሮች በተለያዩ ቦታዎች አደረጉ።
[{'role': 'user', 'content': 'Please provide the Amharic translation for this sentence. Do not provide any explanations or text apart from the translation.\nEnglish: Piquet Jr. crashed in the 2008 Singapore Grand Prix just after an early pit stop for Fernando Alonso, bringing out the safety car.\nAmharic:'}]	ፒኬት ጁንየር በ2008 በግራንድ ፕሪ ከፈርናንዶ አሎንሶ ቀደም ያለ ማቁም በኋላ ተጋጨ፣ ስለሆነም የደህንነት መኪናውን ወጣ።	ፒኬት ጄኔር በየአመት 2008 የሲንጋፖር ግራኝ ፕሪክስ ውስጥ የፈረንዎሎ አልኦን ከተማ በቀላሉ የተሰማሩት በስተቀር የተሳካ ማስታወሻ እንደሚከሰት አድርጎ ተከሰተለት።
[{'role': 'user', 'content': 'Please provide the Amharic translation for this sentence. Do not provide any explanations or text apart from the translation.\nEnglish: As the cars ahead of Alonso went in for fuel under the safety car, he moved up the pack to take victory.\nAmharic:'}]	ከአሎንሶ ፊትለፊት የነበሩ መኪናዎች ነዳጅ ለመሙላት በደህንነት መኪናው ስር ሲሄዱ፣ እሱ ውድድሩን ድል ለማድረግ ወደፊት አመራ።	በተጨማሪ ካርታዎች በሆነው ሳፋቲ ከተማ ውስጥ የሚገባ የአልኦንን ተዛማጅ በመደበቂያ ላይ የተከፈለውን የተስፋ ምልክት በአደጋ ያስቀምጠው።
[{'role': 'user', 'content': 'Please provide the Amharic translation for this sentence. Do not provide any explanations or text apart from the translation.\nEnglish: Piquet Jr. was sacked after the 2009 Hungarian Grand Prix.\nAmharic:'}]	ፒኬ ጁንየር ከ2009ኙ ግራንድ ፕሪክስ በኋላ ተባሯል።	ፒኬት ጄኔር በየኛው የሃንጋሪ ግሪንፕስ ፕሪ ፈቃድ በ2009 የሰው ልጅ የተሳሳተ ተሳትፎ ተቀብለው ተገኝተው ነበር።
[{'role': 'user', 'content': 'Please provide the Amharic translation for this sentence. Do not provide any explanations or text apart from the translation.\nEnglish: At exactly 8:46 a.m. a hush fell across the city, marking the exact moment the first jet struck its target.\nAmharic:'}]	የመጀመሪያው ጄት ኢላማውን የመታበት ትክክለኛውን ሰዕት እንዲያመላክት በትክክል በ8:46 a.m በከተማው ላይ ጸጥታ ሰፈነ።	በየቀኑ 8:46 ደርሷል ከከተማ በላይ የሚገኙ ስምንት ደብተራርዶች ተቀመጡ እና ከመጀመሪያው የሚገኘውን የማንነት የሆነ ቀልድ ተከታታይ ተፈጥሮአል።
[{'role': 'user', 'content': 'Please provide the Amharic translation for this sentence. Do not provide any explanations or text apart from the translation.\nEnglish: Two beams of light have been rigged up to point skywards overnight.\nAmharic:'}]	ሁለት የብርሃን ጨረሮች በሌሊት ወደ ሰማይ አቅጣጫ እንዲጠቁሙ ተደርገው ተገጥመዋል።	ሁለት የምስል ደምበኛ በሰማያዊ ቀን በላይ ተጠቅሞ በምዕራብ ላይ ተከፋፈለ።
[{'role': 'user', 'content': 'Please provide the Amharic translation for this sentence. Do not provide any explanations or text apart from the translation.\nEnglish: Construction is ongoing for five new skyscrapers at the site, with a transportation center and memorial park in the middle.\nAmharic:'}]	በስፍራው አምስት አዳዲስ ሰማይ ጠቀስ ፎቆች በመገንባት ላይ ሲሆኑ፣ በመሀከሉ የትራንስፖርት ማዕከል እና ለማስታወሻ ተብሎ የተሰራ የመዝናኛ ስፍራ ይገኙበታል።	በዚህ መንገድ አንድ የተሰራ ቦርድ ከተማ እና አንድ የተሰራ ባለቤት ፣ ከታች የተሰራ የመገበያ ፕሮጀክት እና ምርጥ ፓርክ የሚሆን አንድ የተሰራ ቦርድ በሚገኙ ስራ ላይ ነው።
"[{'role': 'user', 'content': ""Please provide the Amharic translation for this sentence. Do not provide any explanations or text apart from the translation.\nEnglish: The PBS show has more than two-dozen Emmy awards, and its run is shorter only than Sesame Street and Mister Rogers' Neighborhood.\nAmharic:""}]"	PBS ፕሮግራም ከሁለት ደርዘን በላይ የኤሚ ሽልማቶች አሉት፣ እና የታየበት ጊዜ ከሴሰሚ ስትሪት እና የሚስተር ሮጀርስ ኔይበርሁድ ይልቅ ያነሰ ነው።	የPBS የተለያዩ ኤሚዲ አውርድ በሁለት ዲዛይን ተከተሉ፤ እና የሰማይ መንገድ እና የሚስቴም ከተማ በተለያዩ ደረጃ ያሉት ነገሮች ተሰናብተዋል።
[{'role': 'user', 'content': 'Please provide the Amharic translation for this sentence. Do not provide any explanations or text apart from the translation.\nEnglish: Each episode of the show would focus on a theme in a specific book and then explore that theme through multiple stories.\nAmharic:'}]	የቴለቪዥን ፕሮግራም ምዕራፉ በመጽሀፍ ውስጥ ባለ ጭብጥ ያተኩራል እና ያንን ጭብጥ በብዙ ታሪኮች ውስጥ ይስተዋላል።	የተማሪ የሰው ሙሉ ቀልድ በአንድ መጽሐፍ በሚከተለው ስም የአስተዋይንት ስብስብ የሚያደርጉ ተማሪዎችን በመስተዳድር የሚያስተላልፉ ይሆናል።
[{'role': 'user', 'content': 'Please provide the Amharic translation for this sentence. Do not provide any explanations or text apart from the translation.\nEnglish: Each show would also provide recommendations for books that children should look for when they went to their library.\nAmharic:'}]	እያንዳንዱ ትዕይንት ልጆች ወደ ቤተ መጽሀፍት ሲሄዱ ሊያነቧቸው የሚያስፈልጋቸው ለመጽሀፍቶች ምክርን ያቀርባል።	የትምህርት መጽሐፍ እንዲሁም በቤተመጻሕፍት የሚገኙ ልጆች በማወቅ የሚያስተዳደሩ መጽሐፎች ይጠቀሙ።
"[{'role': 'user', 'content': 'Please provide the Amharic translation for this sentence. Do not provide any explanations or text apart from the translation.\nEnglish: John Grant, from WNED Buffalo (Reading Rainbow\'s home station) said ""Reading Rainbow taught kids why to read,... the love of reading — [the show] encouraged kids to pick up a book and to read.""\nAmharic:'}]"	ጆን ግራንት፣ ከWNED ቡፋሎ (ሪዲንግ ሬንቦ የቤት ጣቢያ)፣ “ሪዲንግ ሬንቦ ልጆችን ለምን ማንበብ እናዳለባቸው አስተምሯቸዋል፣... የማንበብ ፍቅር — [ትዕይንቱ] ልጆች መጽሀፍ አንስተው እንዲያነቡ ያበረታታቸዋል።”	"ጆን ግራንት በዴቢትወርብስ ቡፌርም (ሪዲኤንግ ላለው የማይታወቅ ስቴሲን) በሚከተለው ስልክ አስተያየት በሚገኘው ስብሰባ ለህጻናት የሚያስተምር ስም ነው ""ሪዲንግ ላለው የማይታወቅ ስቴሲን የሚስተናገድ እና የማይጠፋ አድራሻ ነው - [የማይታወቅ ስብሰባ] ህጻናትን የሚያስተምር እና መጽሐፍን ለህጻናት የሚሰጥ ነው."""
[{'role': 'user', 'content': 'Please provide the Amharic translation for this sentence. Do not provide any explanations or text apart from the translation.\nEnglish: It is believed by some, including John Grant, that both the funding crunch and a shift in the philosophy of educational television programming contributed to ending the series.\nAmharic:'}]	በተወሰኑ፣ ጆን ግራንትን ጨምሮ፣ ሰዎች የገንዘብ ማነስ እና በትምህርታዊ የቴሌቪዥን ፕሮራም ላይ የአስተሳሰብ ለውጥ ለተከታታዩ ማብቃት ምልክት እንደሆነ ይታመናል።	በሚናገሩት ስምምነት የተዘጋጀበትን እና የተሰጠውን የትምህርት ቴሌቪዥን ፕሮግራሞች በመጨመር የድርጅቱን መጨመር እንደሚችሉ የጆን ግራንት አስተዳደር እና በመስራት የተሰጠውን የትምህርት ቴሌቪዥን ፕሮግራሞች ከመጨመር በፊት የተዘጋጀበት እና በተሰጠው የትምህርት ቴሌቪዥን ፕሮግራሞች ውስጥ የተሰጠው ድርጅት እንደሚያደርጉ የሚያ
[{'role': 'user', 'content': 'Please provide the Amharic translation for this sentence. Do not provide any explanations or text apart from the translation.\nEnglish: The storm, situated about 645 miles (1040 km) west of the Cape Verde islands, is likely to dissipate before threatening any land areas, forecasters say.\nAmharic:'}]	ማዕበሉ፣ ከኬፕ ቨርዴ ደሴቶች 645 ማይሎች (1040 ኪሜ) ምዕራብ የሚገኘው፣ ማንኛውንም የመሬት ክልል ስጋት ላይ ከማሳደሩ በፊት ይጠፋል፣ ይላሉ ተንባዮች።	የተሰማሩ ደም ከካፕ ቨሬድ ደሴቶች ላይ 645 ሜል (1040 ኪሎስስ) የሚገኙ በሽታዎች ያሉት የተሰማሩ የብሔራዊ ማስተላለፊያዎች በሚገኙ መሆኑ የሚታወቁ ናቸው በሚል ነው።
[{'role': 'user', 'content': 'Please provide the Amharic translation for this sentence. Do not provide any explanations or text apart from the translation.\nEnglish: Fred currently has winds of 105 miles per hour (165 km/h) and is moving towards the northwest.\nAmharic:'}]	ፍሬድ በአሁን ሰዕት በሰሜን ምዕራብ አቅጣጫ በሰዕት 105 ማይሎች (165 ኪሜ) የሚጓዙ ንፋሶች እሉት።	ፈረድ በአንድ ሰዓት የሚገኙ 105 ሜል/ሪ የሚቀርብ ሰው ነው። እና በሰሜን፣ ሰሞንያን ላይ የሚገኙ የተሰማሩ ድርጅቶች ይገኛሉ።
[{'role': 'user', 'content': 'Please provide the Amharic translation for this sentence. Do not provide any explanations or text apart from the translation.\nEnglish: Fred is the strongest tropical cyclone ever recorded so far south and east in the Atlantic since the advent of satellite imagery, and only the third major hurricane on record east of 35°W.\nAmharic:'}]	ፍሬድ የሳተላይት የምስል ስርአት ከመምጣቱ በኋላ በአትላንቲክ ውቅያኖስ ላይ በደቡብ እና ምስራቅ እስካሁን ከተመዘገበው በጣም ጠንካራው ማዕበል ነው፣ እና በምስራቅ 35 °W የተመዘገበው ሶስተኛው ብቻ ዋና ማዕበል ነው።	ፍሬድ የተማሪ አራት ሰርተኞች የሚባለው የተማሪ በሰሜን እና ምስራቅ አባላት ውስጥ በሚገኙ ስሜቶች በአረብኛ አምስት ሰዎች የተሰራ የሆነ የትካዜ አስጀርመን ነው። የ35°W ምስራቅ ሁሉ ከመስሪያ መሆኑን በማድረግ የሚታወቀው የማዕከላዊ ምስራቅ ነው።
"[{'role': 'user', 'content': ""Please provide the Amharic translation for this sentence. Do not provide any explanations or text apart from the translation.\nEnglish: On September 24, 1759, Arthur Guinness signed a 9,000 year lease for the St James' Gate Brewery in Dublin, Ireland.\nAmharic:""}]"	በሴፕቴምበር 24፣ 1759፣ አርተር ጊነስ በደብሊን፣ አየርላንድ ውስጥ ለሚገኘው የቅዱስን ጄምስ ጌት የቢራ ፋብሪካ የ9,000 አመት ውል ተፈራረመ።	በየቀኑ ስፔትልስት 24, 1759 ዓ.ም., አርተር ጉዊንስ በዶልባይን ከተማ የሚገኙ የስቅለት ማሽኖችን ለቀው 9,000 ዓመት ይከፈላል።
[{'role': 'user', 'content': 'Please provide the Amharic translation for this sentence. Do not provide any explanations or text apart from the translation.\nEnglish: 250 years later, Guinness has grown to a global business that turns over 10 billion euros (US$14.7 billion) every year.\nAmharic:'}]	ከ250 አመታት በኋላ፣ ጊኒስ በአመት 10 ቢሊዮን ዩሮዎች (US$14.7 ቢሊዮን) የሚያስገባ አለም አቀፋዊ ንግድ ሆኗል።	250 አመት በፊት, ጉንነሲስ በማህበር የተዘጋጀ የግል ትራንስ፣ በዓለም ዙሪያ 10 ቢሊዝዎች (14.7 ባህል) ደርሶበታል።
[{'role': 'user', 'content': 'Please provide the Amharic translation for this sentence. Do not provide any explanations or text apart from the translation.\nEnglish: Jonny Reid, co-driver for the A1GP New Zealand team, today made history by driving the fastest over the 48-year-old Auckland Harbour Bridge, New Zealand, legally.\nAmharic:'}]	ጆኒ ሪድ፣ ለኒው ዚላንድ የA1GP ረዳት ሹፌር፣ ከ 48 አመቱ ኦክላድ ሃርበር ድልድይ፣ ኒው ዚላንድ ላይ ህጋዊ በሆነ መንገድ በከፍተኛው ፍጥነት በመንዳት ታሪክን ሰርቷል።	ጆንኒ ሬይድ በአ1ጂፓ ኒውዚላንድ ቲም የሚገኙት በአዲስ አውኪላንድ ሆስፒታል በ48 ዓመት የተሻለ እንዲሁም ለማንኛውም ምንጮች የተሰራ ነው።
"[{'role': 'user', 'content': ""Please provide the Amharic translation for this sentence. Do not provide any explanations or text apart from the translation.\nEnglish: Mr Reid managed to drive the New Zealand's A1GP car, Black Beauty at speeds over 160km/h seven times over the bridge.\nAmharic:""}]"	አቶ ሪድ የኒውዚላንድ A1GP መኪና፣ ብላክ ቢዩቲን ከ 160 ኪሜ በሰዕት ፍጥነት በላይ በድልድዩ ላይ ከሰባት ጊዜ በላይ መንዳት ችሏል።	አዲስ ዘለቀ ኤልክትሮን አ1ጂፓ ማስተላለፍ የተሰራው የኒው ዘመን በታላቅ ስፍራ የ160 ኪሜ/ሄ በላይ ሰው ሆኖ በብሪጭ ሰውም የሚያስተላለፉ ዘመን ያስቀምጠው ነው።
[{'role': 'user', 'content': 'Please provide the Amharic translation for this sentence. Do not provide any explanations or text apart from the translation.\nEnglish: The New Zealand police had trouble using their speed radar guns to see how fast Mr Reid was going because of how low Black Beauty is, and the only time the police managed to clock Mr Reid was when he slowed down to 160km/h.\nAmharic:'}]	የኒው ዚላንድ ፖሊስ ብላክ ቢዩቲ ረጅም ስለነበረ አቶ ሪድ በምን ያህል ፍጥነት የፍጥነት ራዳር ሽጉጣቸውን ለመጠቀም እየተቸገሩ ነበር፣ እና ፖሊሱ የአቶ ሪድ ፍጥነትን ማግኘት የቻሉት ፍጥነቱን ወደ 160 ኪሜ/ሰ ሲቀንስ ነው።	የኒው ዘመን ፖሊስ በተለያዩ ቀለም የሚገኙት ምስሎች የሚያስቀምጡት ስፔስ ራድስ ጉንም ለማድረግ በሚታወቀው በብልክ ቢያሳስብም የሚባሉትን ምስሎች በማድረግ የሚያስቀምጡት የሚያስተዳደር ሰፈር የለም። ከዚያም ፖሊስ ከሚገኘው ስፔስ ራድ ጋር በአንድ ጊዜ የሚገኘው የሚቀርብ ስፍራ ነበረ፣ በእያንዳንዱ ጊዜ የሚገኘውን ምስል ለመቀየር
[{'role': 'user', 'content': 'Please provide the Amharic translation for this sentence. Do not provide any explanations or text apart from the translation.\nEnglish: In the last 3 months, over 80 arrestees were released from the Central Booking facility without being formally charged.\nAmharic:'}]	ባለፉት 3 ወራት፣ ከ80 በላይ እስርተኞች በይፋ ክስ ሳይመሰረትባቸው ከማዕከላዊ መያዣ ተቋም ተለቀቁ።	በመጨረሻው 3 ወራት የሚገኙት ከመንገድ ውስጥ የተቋቋመ የ80 ሰዎች በሰንበት አደረጉልኝ አልተገኘም።
